filename	projectID	fileID	environment	license_label	file_page
create_connected-1.3.3-mc1.21.1.jar	947914	8777573	Client & Server	AGPLv3	https://www.curseforge.com/minecraft/mc-mods/create-connected/files/8777573
create_jetpack-forge-5.2.1.jar	655608	8545274	Client & Server	All Rights Reserved	https://www.curseforge.com/minecraft/mc-mods/create-jetpack/files/8545274
create_mechanical_extruder-1.21.1-2.2.2-6.0.10.jar	686100	8418567	Client & Server	LGPLv3	https://www.curseforge.com/minecraft/mc-mods/create-mechanical-extruder/files/8418567
create-1.21.1-6.0.10.jar	328085	7963363	Not Set	Custom License	https://www.curseforge.com/minecraft/mc-mods/create/files/7963363
create-aeronautics-bundled-1.21.1-1.3.2.jar	676721	8763471	Client & Server	Custom License	https://www.curseforge.com/minecraft/mc-mods/create-aeronautics/files/8763471
create-confectionery1.21.1_v1.1.3b.jar	531834	8063074	Client & Server	All Rights Reserved	https://www.curseforge.com/minecraft/mc-mods/create-confectionery/files/8063074
create-enchantment-industry-2.4.2.jar	688768	8241347	Client & Server	LGPLv3	https://www.curseforge.com/minecraft/mc-mods/create-enchantment-industry/files/8241347
create-stuff-additions1.21.1_v2.1.4b.jar	466792	8664066	Client & Server	All Rights Reserved	https://www.curseforge.com/minecraft/mc-mods/create-stuff-additions/files/8664066
createaddition-1.6.0.jar	439890	8188476	Client & Server	MIT	https://www.curseforge.com/minecraft/mc-mods/createaddition/files/8188476
createdieselgenerators-1.21.1-1.3.15.jar	869316	8542167	Client & Server	MIT	https://www.curseforge.com/minecraft/mc-mods/create-diesel-generators/files/8542167
CreateDragonsPlus-1.11.8b.jar	1216624	8811294	Client & Server	LGPLv3	https://www.curseforge.com/minecraft/mc-mods/create-dragons-plus/files/8811294
geckolib-neoforge-1.21.1-4.9.2.jar	388172	8350073	Client & Server	MIT	https://www.curseforge.com/minecraft/mc-mods/geckolib/files/8350073
InventoryProfilesNext-neoforge-1.21.1-2.2.5.jar	495267	7810574	Client	AGPLv3	https://www.curseforge.com/minecraft/mc-mods/inventory-profiles-next/files/7810574
jei-1.21.1-neoforge-19.51.0.418.jar	238222	8792638	Client & Server	MIT	https://www.curseforge.com/minecraft/mc-mods/jei/files/8792638
journeymap-neoforge-1.21.1-6.0.8.jar	32274	8845359	Client & Server	All Rights Reserved	https://www.curseforge.com/minecraft/mc-mods/journeymap/files/8845359
kotlinforforge-5.12.0-all.jar	351264	8335665	Client & Server	LGPLv2.1	https://www.curseforge.com/minecraft/mc-mods/kotlin-for-forge/files/8335665
libIPN-neoforge-1.21.1-6.6.3.jar	679177	7810552	Client	AGPLv3	https://www.curseforge.com/minecraft/mc-mods/libipn/files/7810552
mechanicals-1.21.1-1.1.6.jar	1253573	8418818	Client & Server	LGPLv3	https://www.curseforge.com/minecraft/mc-mods/mechanicals-lib/files/8418818
refinedstorage-neoforge-2.0.9.jar	243076	8211701	Not Set	MIT	https://www.curseforge.com/minecraft/mc-mods/refined-storage/files/8211701
sable-neoforge-1.21.1-2.0.5.jar	1312371	8673825	Client & Server	PolyForm Shield 1.0.0	https://www.curseforge.com/minecraft/mc-mods/sable/files/8673825
